Handle,Title,"Body (HTML)",Vendor,Type,Tags,Published,"Option1 Name","Option1 Value","Option2 Name","Option2 Value","Option3 Name","Option3 Value","Variant SKU","Variant Grams","Variant Inventory Tracker","Variant Inventory Qty","Variant Inventory Policy","Variant Fulfillment Service","Variant Price","Variant Compare At Price","Variant Requires Shipping","Variant Taxable","Variant Barcode","Image Src","Image Position","Image Alt Text","Gift Card","SEO Title","SEO Description","Google Shopping / Google Product Category","Google Shopping / Gender","Google Shopping / Age Group","Google Shopping / MPN","Google Shopping / AdWords Grouping","Google Shopping / AdWords Labels","Google Shopping / Condition","Google Shopping / Custom Product","Google Shopping / Custom Label 0","Google Shopping / Custom Label 1","Google Shopping / Custom Label 2","Google Shopping / Custom Label 3","Google Shopping / Custom Label 4","Variant Image","Variant Weight Unit","Variant Tax Code","Cost per item",Status,Collection
nantucket-cottage-blue-hydrangea-case,"Nantucket Cottage | Blue Hydrangea Case","<p><meta charset=""utf-8"">Bring the charm of a New England summer to your phone with the <em data-start=""282"" data-end=""323"">Nantucket Cottage | Blue Hydrangea Case</em>. Featuring a delicate pattern of blue hydrangeas against a soft cream backdrop, this case captures the breezy, coastal vibes of Cape Cod and seaside strolls. Built with your choice of Classic or Bold Flex + MagSafe® protection, it’s as durable as it is dreamy. Whether you're brunching in the Hamptons or lounging lakeside, this floral iPhone case is your perfect summer accessory. Part of our East Coast Summer Collection, it blends timeless style with seasonal flair.</p>",mysite,"iPhone Case",,TRUE,"Case Type","Classic + MagSafe®",Device,"iPhone 16 Pro Max",,,281HH-MS,0,shopify,1000,continue,manual,30.00,,TRUE,TRUE,,https://cdn.shopify.com/s/files/1/1706/8353/files/Bold---IP16-Pro---1_281.webp,1,,FALSE,"Nantucket Cottage | Blue Hydrangea Case","Nantucket Cottage | Blue Hydrangea Case",,,,,,,,,,,,,,https://cdn.shopify.com/s/files/1/1706/8353/files/Classic---IP16-Pro---1_281.webp,Kg,,,active,
nantucket-cottage-blue-hydrangea-case,,,,,,,"Case Type","Classic + MagSafe®",Device,"iPhone 16 Pro",,,281FF-MS,0,shopify,1000,continue,manual,30.00,,TRUE,TRUE,,https://cdn.shopify.com/s/files/1/1706/8353/files/Bold---IP16-Pro---2_281.webp,2,,,,,,,,,,,,,,,,,,https://cdn.shopify.com/s/files/1/1706/8353/files/Classic---IP16-Pro---1_281.webp,Kg,,,,
nantucket-cottage-blue-hydrangea-case,,,,,,,"Case Type","Classic + MagSafe®",Device,"iPhone 16",,,281EE-MS,0,shopify,1000,continue,manual,30.00,,TRUE,TRUE,,https://cdn.shopify.com/s/files/1/1706/8353/files/Bold---IP15-Pro---3_281.webp,3,,,,,,,,,,,,,,,,,,https://cdn.shopify.com/s/files/1/1706/8353/files/Classic---IP16---1_281.webp,Kg,,,,
nantucket-cottage-blue-hydrangea-case,,,,,,,"Case Type","Classic + MagSafe®",Device,"iPhone 15 Pro Max",,,281DD-MS-FX,0,shopify,1000,continue,manual,30.00,,TRUE,TRUE,,https://cdn.shopify.com/s/files/1/1706/8353/files/Bold---IP16-Pro---7_281.webp,4,,,,,,,,,,,,,,,,,,https://cdn.shopify.com/s/files/1/1706/8353/files/Classic---IP15-Pro---1_281_411d2c1a-6917-4268-8821-31e118a5245f.webp,Kg,,,,
nantucket-cottage-blue-hydrangea-case,,,,,,,"Case Type","Classic + MagSafe®",Device,"iPhone 15 Pro",,,281BB-MS-FX,0,shopify,1000,continue,manual,30.00,,TRUE,TRUE,,https://cdn.shopify.com/s/files/1/1706/8353/files/Bold---IP16-Pro---6_281.webp,5,,,,,,,,,,,,,,,,,,https://cdn.shopify.com/s/files/1/1706/8353/files/Classic---IP15-Pro---1_281_411d2c1a-6917-4268-8821-31e118a5245f.webp,Kg,,,,
nantucket-cottage-blue-hydrangea-case,,,,,,,"Case Type","Classic + MagSafe®",Device,"iPhone 15",,,281AA-MS,0,shopify,1000,continue,manual,30.00,,TRUE,TRUE,,https://cdn.shopify.com/s/files/1/1706/8353/files/Bold---IP16-Pro---5_281.webp,6,,,,,,,,,,,,,,,,,,https://cdn.shopify.com/s/files/1/1706/8353/files/Classic---IP15---1_281_fa22c532-4b26-47a6-a49b-a524e26469f5.webp,Kg,,,,
nantucket-cottage-blue-hydrangea-case,,,,,,,"Case Type","Classic + MagSafe®",Device,"iPhone 14 Pro Max",,,281Y-MS,0,shopify,1000,continue,manual,30.00,,TRUE,TRUE,,https://cdn.shopify.com/s/files/1/1706/8353/files/Bold---IP16-Pro---4_281.webp,7,,,,,,,,,,,,,,,,,,https://cdn.shopify.com/s/files/1/1706/8353/files/Classic---iPhone-14-Pro---1_281.webp,Kg,,,,
nantucket-cottage-blue-hydrangea-case,,,,,,,"Case Type","Classic + MagSafe®",Device,"iPhone 14 Pro",,,281V-MS,0,shopify,1000,continue,manual,30.00,,TRUE,TRUE,,https://cdn.shopify.com/s/files/1/1706/8353/files/Bold---IP16-Pro---10_281.webp,8,,,,,,,,,,,,,,,,,,https://cdn.shopify.com/s/files/1/1706/8353/files/Classic---iPhone-14-Pro---1_281.webp,Kg,,,,
nantucket-cottage-blue-hydrangea-case,,,,,,,"Case Type","Classic + MagSafe®",Device,"iPhone 14",,,281U-MS,0,shopify,1000,continue,manual,30.00,,TRUE,TRUE,,https://cdn.shopify.com/s/files/1/1706/8353/files/Bold---IP16-Pro---8_281.webp,9,,,,,,,,,,,,,,,,,,https://cdn.shopify.com/s/files/1/1706/8353/files/Classic---iPhone-14---1_281.webp,Kg,,,,
nantucket-cottage-blue-hydrangea-case,,,,,,,"Case Type","Classic + MagSafe®",Device,"iPhone 13 Pro Max",,,281T-MS,0,shopify,1000,continue,manual,30.00,,TRUE,TRUE,,https://cdn.shopify.com/s/files/1/1706/8353/files/Bold---IP16-Pro---9_281.webp,10,,,,,,,,,,,,,,,,,,https://cdn.shopify.com/s/files/1/1706/8353/files/Classic---iPhone-14-Pro---1_281.webp,Kg,,,,
nantucket-cottage-blue-hydrangea-case,,,,,,,"Case Type","Classic + MagSafe®",Device,"iPhone 13",,,281Q-MS,0,shopify,1000,continue,manual,30.00,,TRUE,TRUE,,https://cdn.shopify.com/s/files/1/1706/8353/files/nantucket-cottage-blue-hydrangea-case-bold-flex-magsafer-iphone-16e-sku-b-281-16e-ms-productimage-924574.webp,11,,,,,,,,,,,,,,,,,,https://cdn.shopify.com/s/files/1/1706/8353/files/Classic---iPhone-14---1_281.webp,Kg,,,,
nantucket-cottage-blue-hydrangea-case,,,,,,,"Case Type","Bold Flex + MagSafe®",Device,"iPhone 16 Pro Max",,,B-281HH-MS,0,shopify,1000,continue,manual,40.00,,TRUE,TRUE,,https://cdn.shopify.com/s/files/1/1706/8353/files/nantucket-cottage-blue-hydrangea-case-sku-productimage-537497.webp,12,,,,,,,,,,,,,,,,,,https://cdn.shopify.com/s/files/1/1706/8353/files/Bold---IP16-Pro---1_281.webp,Kg,,,,
nantucket-cottage-blue-hydrangea-case,,,,,,,"Case Type","Bold Flex + MagSafe®",Device,"iPhone 16 Pro",,,B-281FF-MS,0,shopify,1000,continue,manual,40.00,,TRUE,TRUE,,https://cdn.shopify.com/s/files/1/1706/8353/files/nantucket-cottage-blue-hydrangea-case-sku-productimage-198791.webp,13,,,,,,,,,,,,,,,,,,https://cdn.shopify.com/s/files/1/1706/8353/files/Bold---IP16-Pro---1_281.webp,Kg,,,,
nantucket-cottage-blue-hydrangea-case,,,,,,,"Case Type","Bold Flex + MagSafe®",Device,"iPhone 16 Plus",,,B-281GG-MS,0,shopify,1000,continue,manual,40.00,,TRUE,TRUE,,https://cdn.shopify.com/s/files/1/1706/8353/files/nantucket-cottage-blue-hydrangea-case-sku-productimage-685724.webp,14,,,,,,,,,,,,,,,,,,https://cdn.shopify.com/s/files/1/1706/8353/files/o7klpwmsa3pabfcdu5it.webp,Kg,,,,
nantucket-cottage-blue-hydrangea-case,,,,,,,"Case Type","Bold Flex + MagSafe®",Device,"iPhone 16",,,B-281EE-MS,0,shopify,1000,continue,manual,40.00,,TRUE,TRUE,,https://cdn.shopify.com/s/files/1/1706/8353/files/nantucket-cottage-blue-hydrangea-case-sku-productimage-356014.webp,15,,,,,,,,,,,,,,,,,,https://cdn.shopify.com/s/files/1/1706/8353/files/o7klpwmsa3pabfcdu5it.webp,Kg,,,,
nantucket-cottage-blue-hydrangea-case,,,,,,,"Case Type","Bold Flex + MagSafe®",Device,"iPhone 15 Pro Max",,,B-281DD-MS-FX,0,shopify,1000,continue,manual,40.00,,TRUE,TRUE,,https://cdn.shopify.com/s/files/1/1706/8353/files/Classic---IP16-Pro---1_281.webp,16,,,,,,,,,,,,,,,,,,https://cdn.shopify.com/s/files/1/1706/8353/files/moffttt3gphqzb5drxxs_3c995711-c84e-4174-a6eb-3ecf176d5d93.webp,Kg,,,,
nantucket-cottage-blue-hydrangea-case,,,,,,,"Case Type","Bold Flex + MagSafe®",Device,"iPhone 15 Pro",,,B-281BB-MS-FX,0,shopify,1000,continue,manual,40.00,,TRUE,TRUE,,https://cdn.shopify.com/s/files/1/1706/8353/files/Classic---IP16-Pro---2_281.webp,17,,,,,,,,,,,,,,,,,,https://cdn.shopify.com/s/files/1/1706/8353/files/moffttt3gphqzb5drxxs_3c995711-c84e-4174-a6eb-3ecf176d5d93.webp,Kg,,,,
nantucket-cottage-blue-hydrangea-case,,,,,,,"Case Type","Bold Flex + MagSafe®",Device,"iPhone 15 Plus",,,B-281CC-MS,0,shopify,1000,continue,manual,40.00,,TRUE,TRUE,,https://cdn.shopify.com/s/files/1/1706/8353/files/Classic---IP16-Pro---3_281.webp,18,,,,,,,,,,,,,,,,,,https://cdn.shopify.com/s/files/1/1706/8353/files/bwswu3urn7ectjo8rohh.webp,Kg,,,,
nantucket-cottage-blue-hydrangea-case,,,,,,,"Case Type","Bold Flex + MagSafe®",Device,"iPhone 15",,,B-281AA-MS,0,shopify,1000,continue,manual,40.00,,TRUE,TRUE,,https://cdn.shopify.com/s/files/1/1706/8353/files/Classic---IP16-Pro---4_281.webp,19,,,,,,,,,,,,,,,,,,https://cdn.shopify.com/s/files/1/1706/8353/files/bwswu3urn7ectjo8rohh.webp,Kg,,,,
nantucket-cottage-blue-hydrangea-case,,,,,,,"Case Type","Bold Flex + MagSafe®",Device,"iPhone 14 Pro Max",,,B-281Y-MS,0,shopify,1000,continue,manual,40.00,,TRUE,TRUE,,https://cdn.shopify.com/s/files/1/1706/8353/files/Classic---IP16-Pro---5_281.webp,20,,,,,,,,,,,,,,,,,,https://cdn.shopify.com/s/files/1/1706/8353/files/sxxqmzy4og06jepspczi.webp,Kg,,,,
nantucket-cottage-blue-hydrangea-case,,,,,,,"Case Type","Bold Flex + MagSafe®",Device,"iPhone 14 Plus",,,B-281W-MS,0,shopify,1000,continue,manual,40.00,,TRUE,TRUE,,https://cdn.shopify.com/s/files/1/1706/8353/files/Classic---IP16-Pro---6_281.webp,21,,,,,,,,,,,,,,,,,,https://cdn.shopify.com/s/files/1/1706/8353/files/vqu5gdsrmgr161oism2e.webp,Kg,,,,
nantucket-cottage-blue-hydrangea-case,,,,,,,"Case Type","Bold Flex + MagSafe®",Device,"iPhone 14 Pro",,,B-281V-MS,0,shopify,1000,continue,manual,40.00,,TRUE,TRUE,,https://cdn.shopify.com/s/files/1/1706/8353/files/Classic---IP16-Pro---7_281.webp,22,,,,,,,,,,,,,,,,,,https://cdn.shopify.com/s/files/1/1706/8353/files/sxxqmzy4og06jepspczi.webp,Kg,,,,
nantucket-cottage-blue-hydrangea-case,,,,,,,"Case Type","Bold Flex + MagSafe®",Device,"iPhone 14",,,B-281U-MS,0,shopify,1000,continue,manual,40.00,,TRUE,TRUE,,https://cdn.shopify.com/s/files/1/1706/8353/files/Classic---IP16-Pro---8_281.webp,23,,,,,,,,,,,,,,,,,,https://cdn.shopify.com/s/files/1/1706/8353/files/vqu5gdsrmgr161oism2e.webp,Kg,,,,
nantucket-cottage-blue-hydrangea-case,,,,,,,"Case Type","Bold Flex + MagSafe®",Device,"iPhone 13 Pro Max",,,B-281T-MS,0,shopify,1000,continue,manual,40.00,,TRUE,TRUE,,https://cdn.shopify.com/s/files/1/1706/8353/files/Classic---IP16---1_281.webp,24,,,,,,,,,,,,,,,,,,https://cdn.shopify.com/s/files/1/1706/8353/files/sxxqmzy4og06jepspczi.webp,Kg,,,,
nantucket-cottage-blue-hydrangea-case,,,,,,,"Case Type","Bold Flex + MagSafe®",Device,"iPhone 13 Pro",,,B-281R-MS,0,shopify,1000,continue,manual,40.00,,TRUE,TRUE,,https://cdn.shopify.com/s/files/1/1706/8353/files/Classic---IP16---2_281.webp,25,,,,,,,,,,,,,,,,,,https://cdn.shopify.com/s/files/1/1706/8353/files/sxxqmzy4og06jepspczi.webp,Kg,,,,
nantucket-cottage-blue-hydrangea-case,,,,,,,"Case Type","Bold Flex + MagSafe®",Device,"iPhone 13",,,B-281Q-MS,0,shopify,1000,continue,manual,40.00,,TRUE,TRUE,,https://cdn.shopify.com/s/files/1/1706/8353/files/Classic---IP16---3_281.webp,26,,,,,,,,,,,,,,,,,,https://cdn.shopify.com/s/files/1/1706/8353/files/vqu5gdsrmgr161oism2e.webp,Kg,,,,
nantucket-cottage-blue-hydrangea-case,,,,,,,"Case Type","Bold Flex + MagSafe®",Device,"iPhone 13 Mini",,,B-281P-MS,0,shopify,1000,continue,manual,40.00,,TRUE,TRUE,,https://cdn.shopify.com/s/files/1/1706/8353/files/Classic---IP16---4_281.webp,27,,,,,,,,,,,,,,,,,,https://cdn.shopify.com/s/files/1/1706/8353/files/vqu5gdsrmgr161oism2e.webp,Kg,,,,
nantucket-cottage-blue-hydrangea-case,,,,,,,"Case Type","Bold Flex + MagSafe®",Device,"iPhone 12 Pro Max",,,B-281N-MS,0,shopify,1000,continue,manual,40.00,,TRUE,TRUE,,https://cdn.shopify.com/s/files/1/1706/8353/files/Classic---IP16---7_281.webp,28,,,,,,,,,,,,,,,,,,https://cdn.shopify.com/s/files/1/1706/8353/files/pbrd7kenwkaxmqw3jjoh.webp,Kg,,,,
nantucket-cottage-blue-hydrangea-case,,,,,,,"Case Type","Bold Flex + MagSafe®",Device,"iPhone 12 Pro",,,B-281M-MS,0,shopify,1000,continue,manual,40.00,,TRUE,TRUE,,https://cdn.shopify.com/s/files/1/1706/8353/files/Classic---IP16---5_281.webp,29,,,,,,,,,,,,,,,,,,https://cdn.shopify.com/s/files/1/1706/8353/files/qyjfr56tlwxl4wozfnkm.webp,Kg,,,,
nantucket-cottage-blue-hydrangea-case,,,,,,,"Case Type","Bold Flex + MagSafe®",Device,"iPhone 12",,,B-281M-MS,0,shopify,1000,continue,manual,40.00,,TRUE,TRUE,,https://cdn.shopify.com/s/files/1/1706/8353/files/Classic---IP16---6_281.webp,30,,,,,,,,,,,,,,,,,,https://cdn.shopify.com/s/files/1/1706/8353/files/qyjfr56tlwxl4wozfnkm.webp,Kg,,,,
nantucket-cottage-blue-hydrangea-case,,,,,,,"Case Type","Bold Flex + MagSafe®",Device,"iPhone 12 Mini",,,B-281L-MS,0,shopify,1000,continue,manual,40.00,,TRUE,TRUE,,https://cdn.shopify.com/s/files/1/1706/8353/files/Classic---IP16---8_281.webp,31,,,,,,,,,,,,,,,,,,https://cdn.shopify.com/s/files/1/1706/8353/files/qyjfr56tlwxl4wozfnkm.webp,Kg,,,,
nantucket-cottage-blue-hydrangea-case,,,,,,,"Case Type","Bold Flex + MagSafe®",Device,"Galaxy S25 Ultra",,,B-S25U-281-MS,0,shopify,1000,continue,manual,40.00,,TRUE,TRUE,,https://cdn.shopify.com/s/files/1/1706/8353/files/Classic---IP16---9_281.webp,32,,,,,,,,,,,,,,,,,,https://cdn.shopify.com/s/files/1/1706/8353/files/iybidwjrguroafg6u7bk.webp,Kg,,,,
nantucket-cottage-blue-hydrangea-case,,,,,,,"Case Type","Bold Flex + MagSafe®",Device,"Galaxy S25 Plus",,,B-S25PL-281-MS,0,shopify,1000,continue,manual,40.00,,TRUE,TRUE,,https://cdn.shopify.com/s/files/1/1706/8353/files/o7klpwmsa3pabfcdu5it.webp,33,,,,,,,,,,,,,,,,,,https://cdn.shopify.com/s/files/1/1706/8353/files/rilunluxmxvryiee7z5v.webp,Kg,,,,
nantucket-cottage-blue-hydrangea-case,,,,,,,"Case Type","Bold Flex + MagSafe®",Device,"Galaxy S25",,,B-S25-281-MS,0,shopify,1000,continue,manual,40.00,,TRUE,TRUE,,https://cdn.shopify.com/s/files/1/1706/8353/files/sykfwceikfoxctok41bx.webp,34,,,,,,,,,,,,,,,,,,https://cdn.shopify.com/s/files/1/1706/8353/files/krwjhyun2akuigoj1uih.webp,Kg,,,,
nantucket-cottage-blue-hydrangea-case,,,,,,,"Case Type","Bold Flex + MagSafe®",Device,"iPhone 16e",,,B-281-16E-MS,0,shopify,1000,continue,manual,40.00,,TRUE,TRUE,,https://cdn.shopify.com/s/files/1/1706/8353/files/16_PL_3_B_N_f2bf8245-3de2-454f-9ab6-cbc52a5a275a.webp,35,,,,,,,,,,,,,,,,,,https://cdn.shopify.com/s/files/1/1706/8353/files/nantucket-cottage-blue-hydrangea-case-bold-flex-magsafer-iphone-16e-sku-b-281-16e-ms-productimage-924574.webp,Kg,,,,
nantucket-cottage-blue-hydrangea-case,,,,,,,"Case Type",Essential,Device,"iPhone 11 Pro Max",,,POD-TG-281K,0,shopify,1000,continue,manual,35.00,,TRUE,TRUE,,https://cdn.shopify.com/s/files/1/1706/8353/files/n2vemphgle619grvg0nd.webp,36,,,,,,,,,,,,,,,,,,https://cdn.shopify.com/s/files/1/1706/8353/files/281_mock_-_11PMT.jpg,Kg,,,,
nantucket-cottage-blue-hydrangea-case,,,,,,,"Case Type",Essential,Device,"iPhone 11 Pro",,,POD-TG-281G,0,shopify,1000,continue,manual,35.00,,TRUE,TRUE,,https://cdn.shopify.com/s/files/1/1706/8353/files/rmvaz6x25kuzyugqjqsd.webp,37,,,,,,,,,,,,,,,,,,https://cdn.shopify.com/s/files/1/1706/8353/files/281_mock_-_11PT.jpg,Kg,,,,
nantucket-cottage-blue-hydrangea-case,,,,,,,"Case Type",Essential,Device,"iPhone 11",,,POD-TG-281H,0,shopify,1000,continue,manual,35.00,,TRUE,TRUE,,https://cdn.shopify.com/s/files/1/1706/8353/files/guy1alvdnspmats0yvmf.webp,38,,,,,,,,,,,,,,,,,,https://cdn.shopify.com/s/files/1/1706/8353/files/281_mock_-_11T.jpg,Kg,,,,
nantucket-cottage-blue-hydrangea-case,,,,,,,"Case Type",Essential,Device,"iPhone SE (2020 & 2022)",,,POD-TG-281A/C,0,shopify,1000,continue,manual,35.00,,TRUE,TRUE,,https://cdn.shopify.com/s/files/1/1706/8353/files/o7encatfygiiz0r7k6d5.webp,39,,,,,,,,,,,,,,,,,,https://cdn.shopify.com/s/files/1/1706/8353/files/281_mock_-_8T.jpg,Kg,,,,
nantucket-cottage-blue-hydrangea-case,,,,,,,"Case Type",Essential,Device,"iPhone XS Max",,,POD-TG-281F,0,shopify,1000,continue,manual,35.00,,TRUE,TRUE,,https://cdn.shopify.com/s/files/1/1706/8353/files/wqwxhr5mmpnf3tqvtbga.webp,40,,,,,,,,,,,,,,,,,,https://cdn.shopify.com/s/files/1/1706/8353/files/281_mock_-_XSMT.jpg,Kg,,,,
nantucket-cottage-blue-hydrangea-case,,,,,,,"Case Type",Essential,Device,"iPhone XR",,,POD-TG-281E,0,shopify,1000,continue,manual,35.00,,TRUE,TRUE,,https://cdn.shopify.com/s/files/1/1706/8353/files/onhe3h9ibzqyg3dwfwwq.webp,41,,,,,,,,,,,,,,,,,,https://cdn.shopify.com/s/files/1/1706/8353/files/281_mock_-_XRT.jpg,Kg,,,,
nantucket-cottage-blue-hydrangea-case,,,,,,,"Case Type",Essential,Device,"iPhone X / XS",,,POD-TG-281X,0,shopify,1000,continue,manual,35.00,,TRUE,TRUE,,https://cdn.shopify.com/s/files/1/1706/8353/files/e6rvk2gq3ubdmfsbodpj.webp,42,,,,,,,,,,,,,,,,,,https://cdn.shopify.com/s/files/1/1706/8353/files/281_mock_-_XST.jpg,Kg,,,,
nantucket-cottage-blue-hydrangea-case,,,,,,,"Case Type",Essential,Device,"iPhone 6/7/8 Plus",,,POD-TG-281B/D,0,shopify,1000,continue,manual,35.00,,TRUE,TRUE,,https://cdn.shopify.com/s/files/1/1706/8353/files/bwswu3urn7ectjo8rohh.webp,43,,,,,,,,,,,,,,,,,,https://cdn.shopify.com/s/files/1/1706/8353/files/281_mock_-_8PT.jpg,Kg,,,,
nantucket-cottage-blue-hydrangea-case,,,,,,,"Case Type",Essential,Device,"iPhone 6/7/8",,,POD-TG-281A/C,0,shopify,1000,continue,manual,35.00,,TRUE,TRUE,,https://cdn.shopify.com/s/files/1/1706/8353/files/lcjhjkva0nemptbmonzb.webp,44,,,,,,,,,,,,,,,,,,https://cdn.shopify.com/s/files/1/1706/8353/files/281_mock_-_8T.jpg,Kg,,,,
nantucket-cottage-blue-hydrangea-case,,,,,,,"Case Type",Essential,Device,"Galaxy S24 Ultra",,,POD-TG-S24U-281,0,shopify,1000,continue,manual,35.00,,TRUE,TRUE,,https://cdn.shopify.com/s/files/1/1706/8353/files/15_PL_3_B_N_9d04d312-0a92-467c-89c4-f9e45018a481.webp,45,,,,,,,,,,,,,,,,,,https://cdn.shopify.com/s/files/1/1706/8353/files/281_mock_-_S24UT.jpg,Kg,,,,
nantucket-cottage-blue-hydrangea-case,,,,,,,"Case Type",Essential,Device,"Galaxy S24 Plus",,,POD-TG-S24PL-281,0,shopify,1000,continue,manual,35.00,,TRUE,TRUE,,https://cdn.shopify.com/s/files/1/1706/8353/files/l7irqfkab4govnxxhtzu.webp,46,,,,,,,,,,,,,,,,,,https://cdn.shopify.com/s/files/1/1706/8353/files/281_mock_-_S24PT.jpg,Kg,,,,
nantucket-cottage-blue-hydrangea-case,,,,,,,"Case Type",Essential,Device,"Galaxy S24",,,POD-TG-S24-281,0,shopify,1000,continue,manual,35.00,,TRUE,TRUE,,https://cdn.shopify.com/s/files/1/1706/8353/files/kx7rwrdrtcxsjlayejyv.webp,47,,,,,,,,,,,,,,,,,,https://cdn.shopify.com/s/files/1/1706/8353/files/281_mock_-_S24T.jpg,Kg,,,,
nantucket-cottage-blue-hydrangea-case,,,,,,,"Case Type",Essential,Device,"Galaxy S23 Ultra",,,POD-TG-S23U-281,0,shopify,1000,continue,manual,35.00,,TRUE,TRUE,,https://cdn.shopify.com/s/files/1/1706/8353/files/icqytg6vjbx4riygifsc.webp,48,,,,,,,,,,,,,,,,,,https://cdn.shopify.com/s/files/1/1706/8353/files/281_mock_-_S23UT.jpg,Kg,,,,
nantucket-cottage-blue-hydrangea-case,,,,,,,"Case Type",Essential,Device,"Galaxy S23 Plus",,,POD-TG-S23PL-281,0,shopify,1000,continue,manual,35.00,,TRUE,TRUE,,https://cdn.shopify.com/s/files/1/1706/8353/files/hkldwsnrftohs1ifxdmk.webp,49,,,,,,,,,,,,,,,,,,https://cdn.shopify.com/s/files/1/1706/8353/files/281_mock_-_S23PT.jpg,Kg,,,,
nantucket-cottage-blue-hydrangea-case,,,,,,,"Case Type",Essential,Device,"Galaxy S23",,,POD-TG-S23-281,0,shopify,1000,continue,manual,35.00,,TRUE,TRUE,,https://cdn.shopify.com/s/files/1/1706/8353/files/asankunnlzlr5w8osymt.webp,50,,,,,,,,,,,,,,,,,,https://cdn.shopify.com/s/files/1/1706/8353/files/281_mock_-_S23T.jpg,Kg,,,,
nantucket-cottage-blue-hydrangea-case,,,,,,,"Case Type",Essential,Device,"Galaxy S22 Ultra",,,POD-TG-S22U-281,0,shopify,1000,continue,manual,35.00,,TRUE,TRUE,,https://cdn.shopify.com/s/files/1/1706/8353/files/drwopjbth88njnexbgmx.webp,51,,,,,,,,,,,,,,,,,,https://cdn.shopify.com/s/files/1/1706/8353/files/281_mock_-_S22UT.jpg,Kg,,,,
nantucket-cottage-blue-hydrangea-case,,,,,,,"Case Type",Essential,Device,"Galaxy S22 Plus",,,POD-TG-S22PL-281,0,shopify,1000,continue,manual,35.00,,TRUE,TRUE,,https://cdn.shopify.com/s/files/1/1706/8353/files/uprygoxkibcssrin8yxc.webp,52,,,,,,,,,,,,,,,,,,https://cdn.shopify.com/s/files/1/1706/8353/files/281_mock_-_S22PT.jpg,Kg,,,,
nantucket-cottage-blue-hydrangea-case,,,,,,,"Case Type",Essential,Device,"Galaxy S22",,,POD-TG-S22-281,0,shopify,1000,continue,manual,35.00,,TRUE,TRUE,,https://cdn.shopify.com/s/files/1/1706/8353/files/moffttt3gphqzb5drxxs_3c995711-c84e-4174-a6eb-3ecf176d5d93.webp,53,,,,,,,,,,,,,,,,,,https://cdn.shopify.com/s/files/1/1706/8353/files/281_mock_-_S22T.jpg,Kg,,,,
nantucket-cottage-blue-hydrangea-case,,,,,,,"Case Type",Essential,Device,"Galaxy S21 Ultra",,,POD-TG-S21U-281,0,shopify,1000,continue,manual,35.00,,TRUE,TRUE,,https://cdn.shopify.com/s/files/1/1706/8353/files/usshn6n9gts6o77k04m1_447bdb37-882f-42ae-9726-4519759219a5.webp,54,,,,,,,,,,,,,,,,,,https://cdn.shopify.com/s/files/1/1706/8353/files/281_mock_-_S21UT.jpg,Kg,,,,
nantucket-cottage-blue-hydrangea-case,,,,,,,"Case Type",Essential,Device,"Galaxy S21 Plus",,,POD-TG-S21PL-281,0,shopify,1000,continue,manual,35.00,,TRUE,TRUE,,https://cdn.shopify.com/s/files/1/1706/8353/files/15_PM_3_B_N_418d1f31-2567-4f8a-b0ec-523e10b7d30d.webp,55,,,,,,,,,,,,,,,,,,https://cdn.shopify.com/s/files/1/1706/8353/files/281_mock_-_S21PT.jpg,Kg,,,,
nantucket-cottage-blue-hydrangea-case,,,,,,,"Case Type",Essential,Device,"Galaxy S21",,,POD-TG-S21-281,0,shopify,1000,continue,manual,35.00,,TRUE,TRUE,,https://cdn.shopify.com/s/files/1/1706/8353/files/fe2q9y5kedtwr9kzd78l_8e7b606b-9796-4577-a42b-3c18a45f6af8.webp,56,,,,,,,,,,,,,,,,,,https://cdn.shopify.com/s/files/1/1706/8353/files/281_mock_-_S21T.jpg,Kg,,,,
nantucket-cottage-blue-hydrangea-case,,,,,,,"Case Type",Essential,Device,"Galaxy S20 Ultra",,,POD-TG-S20U-281,0,shopify,1000,continue,manual,35.00,,TRUE,TRUE,,https://cdn.shopify.com/s/files/1/1706/8353/files/xwfhcy3a8ehrsjetb3ex_c37a0c8d-8b72-4cb2-815d-589212334402.webp,57,,,,,,,,,,,,,,,,,,https://cdn.shopify.com/s/files/1/1706/8353/files/281_mock_-_S20UT.jpg,Kg,,,,
nantucket-cottage-blue-hydrangea-case,,,,,,,"Case Type",Essential,Device,"Galaxy S20 Plus",,,POD-TG-S20PL-281,0,shopify,1000,continue,manual,35.00,,TRUE,TRUE,,https://cdn.shopify.com/s/files/1/1706/8353/files/bcyauijjbj0tgv27cwvg_495c68a9-776b-42f9-9286-6f5287c05d7f.webp,58,,,,,,,,,,,,,,,,,,https://cdn.shopify.com/s/files/1/1706/8353/files/281_mock_-_S22PT_1.jpg,Kg,,,,
nantucket-cottage-blue-hydrangea-case,,,,,,,"Case Type",Essential,Device,"Galaxy S20",,,POD-TG-S20-281,0,shopify,1000,continue,manual,35.00,,TRUE,TRUE,,https://cdn.shopify.com/s/files/1/1706/8353/files/p3ulptibtqbhk9l98yqc_5cab28b6-4a68-4216-a28e-544689fda7b8.webp,59,,,,,,,,,,,,,,,,,,https://cdn.shopify.com/s/files/1/1706/8353/files/281_mock_-_S20T.jpg,Kg,,,,
nantucket-cottage-blue-hydrangea-case,,,,,,,"Case Type",Essential,Device,"Google Pixel 9",,,POD-TG-GP9-281,0,shopify,1000,continue,manual,35.00,,TRUE,TRUE,,https://cdn.shopify.com/s/files/1/1706/8353/files/j6wjq2o9xcxmwzr5hkad_648acde1-524d-4ebe-8945-47bb53a472d3.webp,60,,,,,,,,,,,,,,,,,,https://cdn.shopify.com/s/files/1/1706/8353/files/281_mock_-_PX9T.jpg,Kg,,,,
nantucket-cottage-blue-hydrangea-case,,,,,,,"Case Type",Essential,Device,"Google Pixel 9 Pro",,,POD-TG-GP9PR-281,0,shopify,1000,continue,manual,35.00,,TRUE,TRUE,,https://cdn.shopify.com/s/files/1/1706/8353/files/kd1fdbobibsm3ak4g6lp_2006ce25-f36f-4a96-9fdb-498dacdb7eeb.webp,61,,,,,,,,,,,,,,,,,,https://cdn.shopify.com/s/files/1/1706/8353/files/281_mock_-_PX9PT.jpg,Kg,,,,
nantucket-cottage-blue-hydrangea-case,,,,,,,"Case Type",Essential,Device,"Google Pixel 9 Pro XL",,,POD-TG-GP9PXL-281,0,shopify,1000,continue,manual,35.00,,TRUE,TRUE,,https://cdn.shopify.com/s/files/1/1706/8353/files/ic1gbd7khzadqwmi8kcr_bede32bc-76f1-447f-bb66-f249149b896d.webp,62,,,,,,,,,,,,,,,,,,https://cdn.shopify.com/s/files/1/1706/8353/files/281_mock_-_PX9PXLT.jpg,Kg,,,,
nantucket-cottage-blue-hydrangea-case,,,,,,,"Case Type",Essential,Device,"Google Pixel 8",,,POD-TG-GP8-281,0,shopify,1000,continue,manual,35.00,,TRUE,TRUE,,https://cdn.shopify.com/s/files/1/1706/8353/files/vqu5gdsrmgr161oism2e.webp,63,,,,,,,,,,,,,,,,,,https://cdn.shopify.com/s/files/1/1706/8353/files/281_mock_-_PX8T.jpg,Kg,,,,
nantucket-cottage-blue-hydrangea-case,,,,,,,"Case Type",Essential,Device,"Google Pixel 8 Pro",,,POD-TG-GP8PR-281,0,shopify,1000,continue,manual,35.00,,TRUE,TRUE,,https://cdn.shopify.com/s/files/1/1706/8353/files/mt6gm4hwwtndcwcxorgx.webp,64,,,,,,,,,,,,,,,,,,https://cdn.shopify.com/s/files/1/1706/8353/files/281_mock_-_PX8PT.jpg,Kg,,,,
nantucket-cottage-blue-hydrangea-case,,,,,,,"Case Type",Essential,Device,"Google Pixel 7",,,POD-TG-GP7-281,0,shopify,1000,continue,manual,35.00,,TRUE,TRUE,,https://cdn.shopify.com/s/files/1/1706/8353/files/14_PL_3_B_N_e10b4f58-c1e1-4f25-8768-9ea559576159.webp,65,,,,,,,,,,,,,,,,,,https://cdn.shopify.com/s/files/1/1706/8353/files/281_mock_-_PX7T.jpg,Kg,,,,
nantucket-cottage-blue-hydrangea-case,,,,,,,"Case Type",Essential,Device,"Google Pixel 7 Pro",,,POD-TG-GP7PR-281,0,shopify,1000,continue,manual,35.00,,TRUE,TRUE,,https://cdn.shopify.com/s/files/1/1706/8353/files/zciohjdq4t0hyn0oegm5.webp,66,,,,,,,,,,,,,,,,,,https://cdn.shopify.com/s/files/1/1706/8353/files/281_mock_-_PX7PT.jpg,Kg,,,,
nantucket-cottage-blue-hydrangea-case,,,,,,,"Case Type",Essential,Device,"Google Pixel 6",,,POD-TG-GP6-281,0,shopify,1000,continue,manual,35.00,,TRUE,TRUE,,https://cdn.shopify.com/s/files/1/1706/8353/files/deol50ptvepybr0xzbxy.webp,67,,,,,,,,,,,,,,,,,,https://cdn.shopify.com/s/files/1/1706/8353/files/281_mock_-_PX6T.jpg,Kg,,,,
nantucket-cottage-blue-hydrangea-case,,,,,,,"Case Type",Essential,Device,"Google Pixel 6 Pro",,,POD-TG-GP6PR-281,0,shopify,1000,continue,manual,35.00,,TRUE,TRUE,,https://cdn.shopify.com/s/files/1/1706/8353/files/ggnwsjvuzqgatiipgy54.webp,68,,,,,,,,,,,,,,,,,,https://cdn.shopify.com/s/files/1/1706/8353/files/281_mock_-_PX6PT.jpg,Kg,,,,
nantucket-cottage-blue-hydrangea-case,,,,,,,,,,,,,,,,,,,,,,,,https://cdn.shopify.com/s/files/1/1706/8353/files/jmmpfsrnto6fujabhjsi.webp,69,,,,,,,,,,,,,,,,,,,,,,,
nantucket-cottage-blue-hydrangea-case,,,,,,,,,,,,,,,,,,,,,,,,https://cdn.shopify.com/s/files/1/1706/8353/files/xcqdpeln53dlgafrbpky.webp,70,,,,,,,,,,,,,,,,,,,,,,,
nantucket-cottage-blue-hydrangea-case,,,,,,,,,,,,,,,,,,,,,,,,https://cdn.shopify.com/s/files/1/1706/8353/files/cscyaud5uz1zci7lbh3y.webp,71,,,,,,,,,,,,,,,,,,,,,,,
nantucket-cottage-blue-hydrangea-case,,,,,,,,,,,,,,,,,,,,,,,,https://cdn.shopify.com/s/files/1/1706/8353/files/pb7fltwsd6ktwfmap7ax.webp,72,,,,,,,,,,,,,,,,,,,,,,,
nantucket-cottage-blue-hydrangea-case,,,,,,,,,,,,,,,,,,,,,,,,https://cdn.shopify.com/s/files/1/1706/8353/files/sxxqmzy4og06jepspczi.webp,73,,,,,,,,,,,,,,,,,,,,,,,
nantucket-cottage-blue-hydrangea-case,,,,,,,,,,,,,,,,,,,,,,,,https://cdn.shopify.com/s/files/1/1706/8353/files/ugunpcgkdagaczhn1gkj.webp,74,,,,,,,,,,,,,,,,,,,,,,,
nantucket-cottage-blue-hydrangea-case,,,,,,,,,,,,,,,,,,,,,,,,https://cdn.shopify.com/s/files/1/1706/8353/files/14_PM_3_B_N_d54a7317-405d-4d6c-aaab-01870eaa5cd1.webp,75,,,,,,,,,,,,,,,,,,,,,,,
nantucket-cottage-blue-hydrangea-case,,,,,,,,,,,,,,,,,,,,,,,,https://cdn.shopify.com/s/files/1/1706/8353/files/wvkewn09xsr0pv0t30jh.webp,76,,,,,,,,,,,,,,,,,,,,,,,
nantucket-cottage-blue-hydrangea-case,,,,,,,,,,,,,,,,,,,,,,,,https://cdn.shopify.com/s/files/1/1706/8353/files/wail3yzbsztw8p3rijn2.webp,77,,,,,,,,,,,,,,,,,,,,,,,
nantucket-cottage-blue-hydrangea-case,,,,,,,,,,,,,,,,,,,,,,,,https://cdn.shopify.com/s/files/1/1706/8353/files/khrozbvbqxgv8sdofvar.webp,78,,,,,,,,,,,,,,,,,,,,,,,
nantucket-cottage-blue-hydrangea-case,,,,,,,,,,,,,,,,,,,,,,,,https://cdn.shopify.com/s/files/1/1706/8353/files/ywafmkgqzsvgqohntper.webp,79,,,,,,,,,,,,,,,,,,,,,,,
nantucket-cottage-blue-hydrangea-case,,,,,,,,,,,,,,,,,,,,,,,,https://cdn.shopify.com/s/files/1/1706/8353/files/j2szbpfhsa5bevltn7zq.webp,80,,,,,,,,,,,,,,,,,,,,,,,
nantucket-cottage-blue-hydrangea-case,,,,,,,,,,,,,,,,,,,,,,,,https://cdn.shopify.com/s/files/1/1706/8353/files/uixrsorsi1ualqx0gzyw.webp,81,,,,,,,,,,,,,,,,,,,,,,,
nantucket-cottage-blue-hydrangea-case,,,,,,,,,,,,,,,,,,,,,,,,https://cdn.shopify.com/s/files/1/1706/8353/files/qfegd5s6ogaxrfsvx0iv.webp,82,,,,,,,,,,,,,,,,,,,,,,,
nantucket-cottage-blue-hydrangea-case,,,,,,,,,,,,,,,,,,,,,,,,https://cdn.shopify.com/s/files/1/1706/8353/files/qyjfr56tlwxl4wozfnkm.webp,83,,,,,,,,,,,,,,,,,,,,,,,
nantucket-cottage-blue-hydrangea-case,,,,,,,,,,,,,,,,,,,,,,,,https://cdn.shopify.com/s/files/1/1706/8353/files/aursesrk0g6zqslkzqjz.webp,84,,,,,,,,,,,,,,,,,,,,,,,
nantucket-cottage-blue-hydrangea-case,,,,,,,,,,,,,,,,,,,,,,,,https://cdn.shopify.com/s/files/1/1706/8353/files/12_3_B_N_b505f6fb-92f9-4225-b785-170bc841e445.webp,85,,,,,,,,,,,,,,,,,,,,,,,
nantucket-cottage-blue-hydrangea-case,,,,,,,,,,,,,,,,,,,,,,,,https://cdn.shopify.com/s/files/1/1706/8353/files/pthfeagewbbzvm5zfk6n.webp,86,,,,,,,,,,,,,,,,,,,,,,,
nantucket-cottage-blue-hydrangea-case,,,,,,,,,,,,,,,,,,,,,,,,https://cdn.shopify.com/s/files/1/1706/8353/files/lpmf0w4i8bk2z1qjb2lg.webp,87,,,,,,,,,,,,,,,,,,,,,,,
nantucket-cottage-blue-hydrangea-case,,,,,,,,,,,,,,,,,,,,,,,,https://cdn.shopify.com/s/files/1/1706/8353/files/higmdgppaidgd5rx2oht.webp,88,,,,,,,,,,,,,,,,,,,,,,,
nantucket-cottage-blue-hydrangea-case,,,,,,,,,,,,,,,,,,,,,,,,https://cdn.shopify.com/s/files/1/1706/8353/files/cwclnsup4ky92l7whemx.webp,89,,,,,,,,,,,,,,,,,,,,,,,
nantucket-cottage-blue-hydrangea-case,,,,,,,,,,,,,,,,,,,,,,,,https://cdn.shopify.com/s/files/1/1706/8353/files/qfgcv4qjffjkchgmvmfs.webp,90,,,,,,,,,,,,,,,,,,,,,,,
nantucket-cottage-blue-hydrangea-case,,,,,,,,,,,,,,,,,,,,,,,,https://cdn.shopify.com/s/files/1/1706/8353/files/empw3e9hiqi1hno0ppyl.webp,91,,,,,,,,,,,,,,,,,,,,,,,
nantucket-cottage-blue-hydrangea-case,,,,,,,,,,,,,,,,,,,,,,,,https://cdn.shopify.com/s/files/1/1706/8353/files/c0z4almgjbdio6lpr8n0.webp,92,,,,,,,,,,,,,,,,,,,,,,,
nantucket-cottage-blue-hydrangea-case,,,,,,,,,,,,,,,,,,,,,,,,https://cdn.shopify.com/s/files/1/1706/8353/files/pbrd7kenwkaxmqw3jjoh.webp,93,,,,,,,,,,,,,,,,,,,,,,,
nantucket-cottage-blue-hydrangea-case,,,,,,,,,,,,,,,,,,,,,,,,https://cdn.shopify.com/s/files/1/1706/8353/files/zy10ydehjoyd9ihbhbxh.webp,94,,,,,,,,,,,,,,,,,,,,,,,
nantucket-cottage-blue-hydrangea-case,,,,,,,,,,,,,,,,,,,,,,,,https://cdn.shopify.com/s/files/1/1706/8353/files/12_PM_3_B_N_d90bf2ce-142f-4d5b-a071-1a82a69f353d.webp,95,,,,,,,,,,,,,,,,,,,,,,,
nantucket-cottage-blue-hydrangea-case,,,,,,,,,,,,,,,,,,,,,,,,https://cdn.shopify.com/s/files/1/1706/8353/files/f2j5rzjwdttozcfyuol4.webp,96,,,,,,,,,,,,,,,,,,,,,,,
nantucket-cottage-blue-hydrangea-case,,,,,,,,,,,,,,,,,,,,,,,,https://cdn.shopify.com/s/files/1/1706/8353/files/ehhldyqgrhiqzoftvuew.webp,97,,,,,,,,,,,,,,,,,,,,,,,
nantucket-cottage-blue-hydrangea-case,,,,,,,,,,,,,,,,,,,,,,,,https://cdn.shopify.com/s/files/1/1706/8353/files/thiwp8gdjpfgkvo8cdmh.webp,98,,,,,,,,,,,,,,,,,,,,,,,
nantucket-cottage-blue-hydrangea-case,,,,,,,,,,,,,,,,,,,,,,,,https://cdn.shopify.com/s/files/1/1706/8353/files/vbpcv6pyounmexgptv2j.webp,99,,,,,,,,,,,,,,,,,,,,,,,
nantucket-cottage-blue-hydrangea-case,,,,,,,,,,,,,,,,,,,,,,,,https://cdn.shopify.com/s/files/1/1706/8353/files/p5mrkko5jfjtgfvdp4yp.webp,100,,,,,,,,,,,,,,,,,,,,,,,
nantucket-cottage-blue-hydrangea-case,,,,,,,,,,,,,,,,,,,,,,,,https://cdn.shopify.com/s/files/1/1706/8353/files/jhmnngllxhlev5te0jop.webp,101,,,,,,,,,,,,,,,,,,,,,,,
nantucket-cottage-blue-hydrangea-case,,,,,,,,,,,,,,,,,,,,,,,,https://cdn.shopify.com/s/files/1/1706/8353/files/lmokpngo3idtpwfvbzz7.webp,102,,,,,,,,,,,,,,,,,,,,,,,
nantucket-cottage-blue-hydrangea-case,,,,,,,,,,,,,,,,,,,,,,,,https://cdn.shopify.com/s/files/1/1706/8353/files/281_mock_-_11PMT.jpg,103,,,,,,,,,,,,,,,,,,,,,,,
nantucket-cottage-blue-hydrangea-case,,,,,,,,,,,,,,,,,,,,,,,,https://cdn.shopify.com/s/files/1/1706/8353/files/281_mock_-_11PT.jpg,104,,,,,,,,,,,,,,,,,,,,,,,
nantucket-cottage-blue-hydrangea-case,,,,,,,,,,,,,,,,,,,,,,,,https://cdn.shopify.com/s/files/1/1706/8353/files/281_mock_-_11T.jpg,105,,,,,,,,,,,,,,,,,,,,,,,
nantucket-cottage-blue-hydrangea-case,,,,,,,,,,,,,,,,,,,,,,,,https://cdn.shopify.com/s/files/1/1706/8353/files/281_mock_-_8T.jpg,106,,,,,,,,,,,,,,,,,,,,,,,
nantucket-cottage-blue-hydrangea-case,,,,,,,,,,,,,,,,,,,,,,,,https://cdn.shopify.com/s/files/1/1706/8353/files/281_mock_-_XSMT.jpg,107,,,,,,,,,,,,,,,,,,,,,,,
nantucket-cottage-blue-hydrangea-case,,,,,,,,,,,,,,,,,,,,,,,,https://cdn.shopify.com/s/files/1/1706/8353/files/281_mock_-_XRT.jpg,108,,,,,,,,,,,,,,,,,,,,,,,
nantucket-cottage-blue-hydrangea-case,,,,,,,,,,,,,,,,,,,,,,,,https://cdn.shopify.com/s/files/1/1706/8353/files/281_mock_-_XST.jpg,109,,,,,,,,,,,,,,,,,,,,,,,
nantucket-cottage-blue-hydrangea-case,,,,,,,,,,,,,,,,,,,,,,,,https://cdn.shopify.com/s/files/1/1706/8353/files/281_mock_-_8PT.jpg,110,,,,,,,,,,,,,,,,,,,,,,,
nantucket-cottage-blue-hydrangea-case,,,,,,,,,,,,,,,,,,,,,,,,https://cdn.shopify.com/s/files/1/1706/8353/files/281_mock_-_S24UT.jpg,111,,,,,,,,,,,,,,,,,,,,,,,
nantucket-cottage-blue-hydrangea-case,,,,,,,,,,,,,,,,,,,,,,,,https://cdn.shopify.com/s/files/1/1706/8353/files/281_mock_-_S24PT.jpg,112,,,,,,,,,,,,,,,,,,,,,,,
nantucket-cottage-blue-hydrangea-case,,,,,,,,,,,,,,,,,,,,,,,,https://cdn.shopify.com/s/files/1/1706/8353/files/281_mock_-_S24T.jpg,113,,,,,,,,,,,,,,,,,,,,,,,
nantucket-cottage-blue-hydrangea-case,,,,,,,,,,,,,,,,,,,,,,,,https://cdn.shopify.com/s/files/1/1706/8353/files/281_mock_-_S23UT.jpg,114,,,,,,,,,,,,,,,,,,,,,,,
nantucket-cottage-blue-hydrangea-case,,,,,,,,,,,,,,,,,,,,,,,,https://cdn.shopify.com/s/files/1/1706/8353/files/281_mock_-_S23PT.jpg,115,,,,,,,,,,,,,,,,,,,,,,,
nantucket-cottage-blue-hydrangea-case,,,,,,,,,,,,,,,,,,,,,,,,https://cdn.shopify.com/s/files/1/1706/8353/files/281_mock_-_S23T.jpg,116,,,,,,,,,,,,,,,,,,,,,,,
nantucket-cottage-blue-hydrangea-case,,,,,,,,,,,,,,,,,,,,,,,,https://cdn.shopify.com/s/files/1/1706/8353/files/281_mock_-_S22UT.jpg,117,,,,,,,,,,,,,,,,,,,,,,,
nantucket-cottage-blue-hydrangea-case,,,,,,,,,,,,,,,,,,,,,,,,https://cdn.shopify.com/s/files/1/1706/8353/files/281_mock_-_S22PT.jpg,118,,,,,,,,,,,,,,,,,,,,,,,
nantucket-cottage-blue-hydrangea-case,,,,,,,,,,,,,,,,,,,,,,,,https://cdn.shopify.com/s/files/1/1706/8353/files/281_mock_-_S22T.jpg,119,,,,,,,,,,,,,,,,,,,,,,,
nantucket-cottage-blue-hydrangea-case,,,,,,,,,,,,,,,,,,,,,,,,https://cdn.shopify.com/s/files/1/1706/8353/files/281_mock_-_S21UT.jpg,120,,,,,,,,,,,,,,,,,,,,,,,
nantucket-cottage-blue-hydrangea-case,,,,,,,,,,,,,,,,,,,,,,,,https://cdn.shopify.com/s/files/1/1706/8353/files/281_mock_-_S21PT.jpg,121,,,,,,,,,,,,,,,,,,,,,,,
nantucket-cottage-blue-hydrangea-case,,,,,,,,,,,,,,,,,,,,,,,,https://cdn.shopify.com/s/files/1/1706/8353/files/281_mock_-_S21T.jpg,122,,,,,,,,,,,,,,,,,,,,,,,
nantucket-cottage-blue-hydrangea-case,,,,,,,,,,,,,,,,,,,,,,,,https://cdn.shopify.com/s/files/1/1706/8353/files/281_mock_-_S20UT.jpg,123,,,,,,,,,,,,,,,,,,,,,,,
nantucket-cottage-blue-hydrangea-case,,,,,,,,,,,,,,,,,,,,,,,,https://cdn.shopify.com/s/files/1/1706/8353/files/281_mock_-_S22PT_1.jpg,124,,,,,,,,,,,,,,,,,,,,,,,
nantucket-cottage-blue-hydrangea-case,,,,,,,,,,,,,,,,,,,,,,,,https://cdn.shopify.com/s/files/1/1706/8353/files/281_mock_-_S20T.jpg,125,,,,,,,,,,,,,,,,,,,,,,,
nantucket-cottage-blue-hydrangea-case,,,,,,,,,,,,,,,,,,,,,,,,https://cdn.shopify.com/s/files/1/1706/8353/files/281_mock_-_PX6T.jpg,126,,,,,,,,,,,,,,,,,,,,,,,
nantucket-cottage-blue-hydrangea-case,,,,,,,,,,,,,,,,,,,,,,,,https://cdn.shopify.com/s/files/1/1706/8353/files/281_mock_-_PX6PT.jpg,127,,,,,,,,,,,,,,,,,,,,,,,
nantucket-cottage-blue-hydrangea-case,,,,,,,,,,,,,,,,,,,,,,,,https://cdn.shopify.com/s/files/1/1706/8353/files/281_mock_-_PX7T.jpg,128,,,,,,,,,,,,,,,,,,,,,,,
nantucket-cottage-blue-hydrangea-case,,,,,,,,,,,,,,,,,,,,,,,,https://cdn.shopify.com/s/files/1/1706/8353/files/281_mock_-_PX7PT.jpg,129,,,,,,,,,,,,,,,,,,,,,,,
nantucket-cottage-blue-hydrangea-case,,,,,,,,,,,,,,,,,,,,,,,,https://cdn.shopify.com/s/files/1/1706/8353/files/281_mock_-_PX8T.jpg,130,,,,,,,,,,,,,,,,,,,,,,,
nantucket-cottage-blue-hydrangea-case,,,,,,,,,,,,,,,,,,,,,,,,https://cdn.shopify.com/s/files/1/1706/8353/files/281_mock_-_PX8PT.jpg,131,,,,,,,,,,,,,,,,,,,,,,,
nantucket-cottage-blue-hydrangea-case,,,,,,,,,,,,,,,,,,,,,,,,https://cdn.shopify.com/s/files/1/1706/8353/files/281_mock_-_PX9PXLT.jpg,132,,,,,,,,,,,,,,,,,,,,,,,
nantucket-cottage-blue-hydrangea-case,,,,,,,,,,,,,,,,,,,,,,,,https://cdn.shopify.com/s/files/1/1706/8353/files/281_mock_-_PX9T.jpg,133,,,,,,,,,,,,,,,,,,,,,,,
nantucket-cottage-blue-hydrangea-case,,,,,,,,,,,,,,,,,,,,,,,,https://cdn.shopify.com/s/files/1/1706/8353/files/281_mock_-_PX9PT.jpg,134,,,,,,,,,,,,,,,,,,,,,,,
nantucket-cottage-blue-hydrangea-case,,,,,,,,,,,,,,,,,,,,,,,,https://cdn.shopify.com/s/files/1/1706/8353/files/Classic---IP15---1_281_fa22c532-4b26-47a6-a49b-a524e26469f5.webp,135,,,,,,,,,,,,,,,,,,,,,,,
nantucket-cottage-blue-hydrangea-case,,,,,,,,,,,,,,,,,,,,,,,,https://cdn.shopify.com/s/files/1/1706/8353/files/Classic---IP15---2_281_20a300ff-baad-4e92-a52b-c25a41fc0823.webp,136,,,,,,,,,,,,,,,,,,,,,,,
nantucket-cottage-blue-hydrangea-case,,,,,,,,,,,,,,,,,,,,,,,,https://cdn.shopify.com/s/files/1/1706/8353/files/Classic---IP15---3_281_495b213a-86dd-4d41-b2c7-60f870ab9732.webp,137,,,,,,,,,,,,,,,,,,,,,,,
nantucket-cottage-blue-hydrangea-case,,,,,,,,,,,,,,,,,,,,,,,,https://cdn.shopify.com/s/files/1/1706/8353/files/Classic---IP15---4_281_75942a73-dde2-4915-a245-7b2bde569898.webp,138,,,,,,,,,,,,,,,,,,,,,,,
nantucket-cottage-blue-hydrangea-case,,,,,,,,,,,,,,,,,,,,,,,,https://cdn.shopify.com/s/files/1/1706/8353/files/Classic---IP15---5_281_cb0ac069-b207-44ac-a4a0-6ff8639031e0.webp,139,,,,,,,,,,,,,,,,,,,,,,,
nantucket-cottage-blue-hydrangea-case,,,,,,,,,,,,,,,,,,,,,,,,https://cdn.shopify.com/s/files/1/1706/8353/files/Classic---IP15---6_281_edf9ea3e-87e1-4172-8337-867c564268d7.webp,140,,,,,,,,,,,,,,,,,,,,,,,
nantucket-cottage-blue-hydrangea-case,,,,,,,,,,,,,,,,,,,,,,,,https://cdn.shopify.com/s/files/1/1706/8353/files/Classic---IP15---7_281_2fe2e4ab-0863-4202-86a0-9e243c50ed7e.webp,141,,,,,,,,,,,,,,,,,,,,,,,
nantucket-cottage-blue-hydrangea-case,,,,,,,,,,,,,,,,,,,,,,,,https://cdn.shopify.com/s/files/1/1706/8353/files/Classic---IP15---9_281_b7881f2f-02eb-4bc3-88d9-7facae34cc46.webp,142,,,,,,,,,,,,,,,,,,,,,,,
nantucket-cottage-blue-hydrangea-case,,,,,,,,,,,,,,,,,,,,,,,,https://cdn.shopify.com/s/files/1/1706/8353/files/Classic---IP15---8_281_d9f45253-4b2d-4ac4-b6d1-3f857f9d9b24.webp,143,,,,,,,,,,,,,,,,,,,,,,,
nantucket-cottage-blue-hydrangea-case,,,,,,,,,,,,,,,,,,,,,,,,https://cdn.shopify.com/s/files/1/1706/8353/files/Classic---IP15-Pro---1_281_411d2c1a-6917-4268-8821-31e118a5245f.webp,144,,,,,,,,,,,,,,,,,,,,,,,
nantucket-cottage-blue-hydrangea-case,,,,,,,,,,,,,,,,,,,,,,,,https://cdn.shopify.com/s/files/1/1706/8353/files/Classic---IP15-Pro---2_281_364739c9-1f01-422d-ba24-348416b2b52c.webp,145,,,,,,,,,,,,,,,,,,,,,,,
nantucket-cottage-blue-hydrangea-case,,,,,,,,,,,,,,,,,,,,,,,,https://cdn.shopify.com/s/files/1/1706/8353/files/Classic---IP15-Pro---3_281_b68d83e0-428f-40cc-b544-cebc50fdc185.webp,146,,,,,,,,,,,,,,,,,,,,,,,
nantucket-cottage-blue-hydrangea-case,,,,,,,,,,,,,,,,,,,,,,,,https://cdn.shopify.com/s/files/1/1706/8353/files/Classic---IP15-Pro---5_281_a832ab61-9eed-45db-b12c-aefdcab54d2c.webp,147,,,,,,,,,,,,,,,,,,,,,,,
nantucket-cottage-blue-hydrangea-case,,,,,,,,,,,,,,,,,,,,,,,,https://cdn.shopify.com/s/files/1/1706/8353/files/Classic---IP15-Pro---4_281_74cc2774-74d1-4111-9b4f-035b171c414b.webp,148,,,,,,,,,,,,,,,,,,,,,,,
nantucket-cottage-blue-hydrangea-case,,,,,,,,,,,,,,,,,,,,,,,,https://cdn.shopify.com/s/files/1/1706/8353/files/Classic---IP15-Pro---6_281_a454eced-6f23-4f39-a8c5-8c7bc5f90b07.webp,149,,,,,,,,,,,,,,,,,,,,,,,
nantucket-cottage-blue-hydrangea-case,,,,,,,,,,,,,,,,,,,,,,,,https://cdn.shopify.com/s/files/1/1706/8353/files/Classic---IP15-Pro---7_281_8b280aef-f58e-4f65-b156-23840b01a66c.webp,150,,,,,,,,,,,,,,,,,,,,,,,
nantucket-cottage-blue-hydrangea-case,,,,,,,,,,,,,,,,,,,,,,,,https://cdn.shopify.com/s/files/1/1706/8353/files/Classic---IP15-Pro---8_281_055e7bc6-ea1e-4be2-acd7-bb0825bb50a3.webp,151,,,,,,,,,,,,,,,,,,,,,,,
nantucket-cottage-blue-hydrangea-case,,,,,,,,,,,,,,,,,,,,,,,,https://cdn.shopify.com/s/files/1/1706/8353/files/Classic---IP15-Pro---9_281_2c69543f-ce4d-4c70-b817-a4348a1e8c29.webp,152,,,,,,,,,,,,,,,,,,,,,,,
nantucket-cottage-blue-hydrangea-case,,,,,,,,,,,,,,,,,,,,,,,,https://cdn.shopify.com/s/files/1/1706/8353/files/Classic---iPhone-14-Pro---1_281.webp,153,,,,,,,,,,,,,,,,,,,,,,,
nantucket-cottage-blue-hydrangea-case,,,,,,,,,,,,,,,,,,,,,,,,https://cdn.shopify.com/s/files/1/1706/8353/files/Classic---iPhone-14-Pro---2_281.webp,154,,,,,,,,,,,,,,,,,,,,,,,
nantucket-cottage-blue-hydrangea-case,,,,,,,,,,,,,,,,,,,,,,,,https://cdn.shopify.com/s/files/1/1706/8353/files/Classic---iPhone-14-Pro---3_281.webp,155,,,,,,,,,,,,,,,,,,,,,,,
nantucket-cottage-blue-hydrangea-case,,,,,,,,,,,,,,,,,,,,,,,,https://cdn.shopify.com/s/files/1/1706/8353/files/Classic---iPhone-14-Pro---4_281.webp,156,,,,,,,,,,,,,,,,,,,,,,,
nantucket-cottage-blue-hydrangea-case,,,,,,,,,,,,,,,,,,,,,,,,https://cdn.shopify.com/s/files/1/1706/8353/files/Classic---iPhone-14-Pro---5_281.webp,157,,,,,,,,,,,,,,,,,,,,,,,
nantucket-cottage-blue-hydrangea-case,,,,,,,,,,,,,,,,,,,,,,,,https://cdn.shopify.com/s/files/1/1706/8353/files/Classic---iPhone-14-Pro---6_281.webp,158,,,,,,,,,,,,,,,,,,,,,,,
nantucket-cottage-blue-hydrangea-case,,,,,,,,,,,,,,,,,,,,,,,,https://cdn.shopify.com/s/files/1/1706/8353/files/Classic---iPhone-14-Pro---7_281.webp,159,,,,,,,,,,,,,,,,,,,,,,,
nantucket-cottage-blue-hydrangea-case,,,,,,,,,,,,,,,,,,,,,,,,https://cdn.shopify.com/s/files/1/1706/8353/files/Classic---iPhone-14-Pro---8_281.webp,160,,,,,,,,,,,,,,,,,,,,,,,
nantucket-cottage-blue-hydrangea-case,,,,,,,,,,,,,,,,,,,,,,,,https://cdn.shopify.com/s/files/1/1706/8353/files/Classic---iPhone-14-Pro---9_281.webp,161,,,,,,,,,,,,,,,,,,,,,,,
nantucket-cottage-blue-hydrangea-case,,,,,,,,,,,,,,,,,,,,,,,,https://cdn.shopify.com/s/files/1/1706/8353/files/Classic---iPhone-14---1_281.webp,162,,,,,,,,,,,,,,,,,,,,,,,
nantucket-cottage-blue-hydrangea-case,,,,,,,,,,,,,,,,,,,,,,,,https://cdn.shopify.com/s/files/1/1706/8353/files/Classic---iPhone-14---2_281.webp,163,,,,,,,,,,,,,,,,,,,,,,,
nantucket-cottage-blue-hydrangea-case,,,,,,,,,,,,,,,,,,,,,,,,https://cdn.shopify.com/s/files/1/1706/8353/files/Classic---iPhone-14---3_281.webp,164,,,,,,,,,,,,,,,,,,,,,,,
nantucket-cottage-blue-hydrangea-case,,,,,,,,,,,,,,,,,,,,,,,,https://cdn.shopify.com/s/files/1/1706/8353/files/Classic---iPhone-14---4_281.webp,165,,,,,,,,,,,,,,,,,,,,,,,
nantucket-cottage-blue-hydrangea-case,,,,,,,,,,,,,,,,,,,,,,,,https://cdn.shopify.com/s/files/1/1706/8353/files/Classic---iPhone-14---5_281.webp,166,,,,,,,,,,,,,,,,,,,,,,,
nantucket-cottage-blue-hydrangea-case,,,,,,,,,,,,,,,,,,,,,,,,https://cdn.shopify.com/s/files/1/1706/8353/files/Classic---iPhone-14---6_281.webp,167,,,,,,,,,,,,,,,,,,,,,,,
nantucket-cottage-blue-hydrangea-case,,,,,,,,,,,,,,,,,,,,,,,,https://cdn.shopify.com/s/files/1/1706/8353/files/Classic---iPhone-14---7_281.webp,168,,,,,,,,,,,,,,,,,,,,,,,
nantucket-cottage-blue-hydrangea-case,,,,,,,,,,,,,,,,,,,,,,,,https://cdn.shopify.com/s/files/1/1706/8353/files/Classic---iPhone-14---8_281.webp,169,,,,,,,,,,,,,,,,,,,,,,,
nantucket-cottage-blue-hydrangea-case,,,,,,,,,,,,,,,,,,,,,,,,https://cdn.shopify.com/s/files/1/1706/8353/files/Classic---iPhone-14---9_281.webp,170,,,,,,,,,,,,,,,,,,,,,,,
nantucket-cottage-blue-hydrangea-case,,,,,,,,,,,,,,,,,,,,,,,,https://cdn.shopify.com/s/files/1/1706/8353/files/iybidwjrguroafg6u7bk.webp,171,,,,,,,,,,,,,,,,,,,,,,,
nantucket-cottage-blue-hydrangea-case,,,,,,,,,,,,,,,,,,,,,,,,https://cdn.shopify.com/s/files/1/1706/8353/files/jujnyezfv5ewrjdkmmnw.webp,172,,,,,,,,,,,,,,,,,,,,,,,
nantucket-cottage-blue-hydrangea-case,,,,,,,,,,,,,,,,,,,,,,,,https://cdn.shopify.com/s/files/1/1706/8353/files/S25B_U_3_B_N_55d683a3-0f0b-49ce-b3a3-cdeeb6e43dde.webp,173,,,,,,,,,,,,,,,,,,,,,,,
nantucket-cottage-blue-hydrangea-case,,,,,,,,,,,,,,,,,,,,,,,,https://cdn.shopify.com/s/files/1/1706/8353/files/hhsefwc6rf2ekhvnt93f.webp,174,,,,,,,,,,,,,,,,,,,,,,,
nantucket-cottage-blue-hydrangea-case,,,,,,,,,,,,,,,,,,,,,,,,https://cdn.shopify.com/s/files/1/1706/8353/files/rilunluxmxvryiee7z5v.webp,175,,,,,,,,,,,,,,,,,,,,,,,
nantucket-cottage-blue-hydrangea-case,,,,,,,,,,,,,,,,,,,,,,,,https://cdn.shopify.com/s/files/1/1706/8353/files/wncl3jmedarfj94mt8yk.webp,176,,,,,,,,,,,,,,,,,,,,,,,
nantucket-cottage-blue-hydrangea-case,,,,,,,,,,,,,,,,,,,,,,,,https://cdn.shopify.com/s/files/1/1706/8353/files/S25B_PL_3_B_N_00396c81-9b3a-4488-9a8b-a2211780a31b.webp,177,,,,,,,,,,,,,,,,,,,,,,,
nantucket-cottage-blue-hydrangea-case,,,,,,,,,,,,,,,,,,,,,,,,https://cdn.shopify.com/s/files/1/1706/8353/files/eblscrogs9uwwqe0dfxj.webp,178,,,,,,,,,,,,,,,,,,,,,,,
nantucket-cottage-blue-hydrangea-case,,,,,,,,,,,,,,,,,,,,,,,,https://cdn.shopify.com/s/files/1/1706/8353/files/krwjhyun2akuigoj1uih.webp,179,,,,,,,,,,,,,,,,,,,,,,,
nantucket-cottage-blue-hydrangea-case,,,,,,,,,,,,,,,,,,,,,,,,https://cdn.shopify.com/s/files/1/1706/8353/files/jvvejrl4j7eojc4go9ng.webp,180,,,,,,,,,,,,,,,,,,,,,,,
nantucket-cottage-blue-hydrangea-case,,,,,,,,,,,,,,,,,,,,,,,,https://cdn.shopify.com/s/files/1/1706/8353/files/S25B_3_B_N_b444940b-f34f-4d58-8947-2ea25d684bc0.webp,181,,,,,,,,,,,,,,,,,,,,,,,
nantucket-cottage-blue-hydrangea-case,,,,,,,,,,,,,,,,,,,,,,,,https://cdn.shopify.com/s/files/1/1706/8353/files/zywldi0mabzopdvuz5zo.webp,182,,,,,,,,,,,,,,,,,,,,,,,
